"gene_short_name","pval","qval"
"UBB",4.32700184466879e-238,8.22605845195276e-238
"ANKRD36C",3.79016424986152e-56,4.82131187666208e-56
"HSPA6",0,0
"HIST1H2AC",6.40718837000813e-306,1.37524018363698e-305
"RRAD",4.36391397504813e-282,8.96623655205851e-282
"TLE4",7.60138139006889e-58,9.76997756673044e-58
"CAPS",0,0
"HIST1H2BG",8.31613001251703e-313,1.81195276091204e-312
"SLC44A4",8.04890507818186e-134,1.21931749433053e-133
"RHOV",5.8901757638123e-269,1.17396360269531e-268
"HIST1H2AE",0,0
"IER5",3.09939984835552e-187,5.37270715195896e-187
"SIK1",7.59625852658489e-168,1.27587643213513e-167
"DNAJA1",1.90936898527195e-60,2.4761681743032e-60
"HIST1H1C",0,0
"NRP2",7.04204736900282e-178,1.20382825576827e-177
"DEDD2",5.16241578602661e-227,9.52129990386571e-227
"ABHD3",3.96093819366856e-55,5.00908119520951e-55
"SOX7",9.68387715240427e-162,1.58048183713768e-161
"DEFB1",2.40985137944255e-156,3.87457517326729e-156
"MUC4",1.96228631107949e-223,3.61144182783779e-223
"PPP1R15A",6.42751861943058e-200,1.14399251148302e-199
"BPIFB1",0,0
"CRIP1",7.37233014599105e-159,1.19644757528748e-158
"AGR3",0,0
"SFTA2",9.87474924457404e-142,1.52802470421405e-141
"FOXJ1",5.92441077999772e-158,9.57872023308042e-158
"SMIM22",0,0
"CLDN3",2.95810387721528e-284,6.10682542670936e-284
"FAM183A",8.89470957819369e-279,1.81460466630602e-278
"SAA1",0,0
"IFFO2",1.92480442782789e-116,2.7795589817548e-116
"RAB11FIP1",0,0
"PIGR",9.93343989940383e-181,1.70484633194133e-180
"EDN2",0,0
"TUBA4A",3.64131692280197e-247,7.03066771924934e-247
"MT-ND3",8.65360325466942e-221,1.58252998209071e-220
"SCGB3A1",0,0
"RPS4Y1",0,0
"AGR2",0,0
"MMP1",0,0
"WFDC2",0,0
"RIC3",1.82568169147922e-244,3.49383775028657e-244
"S100P",1.42144078630787e-294,2.98433563144735e-294
"LAMB3",0,0
"SERPINB3",0,0
"ITGB6",2.46574378822566e-236,4.66710804554747e-236
"TSPAN1",0,0
"TM4SF1",0,0
"ELF3",0,0
"ITGA3",0,0
"PLAC8",5.04089141351628e-208,9.06522052534633e-208
"PHLDA2",0,0
"CXCL8",0,0
"SERPINB5",0,0
"SAT1",0,0
"CXCL3",1.59965515388294e-189,2.77851748616213e-189
"TMC5",1.49962601200776e-138,2.30814323912226e-138
"RPL36A",0,0
"CLDN4",0,0
"LCN2",0,0
"FGFBP1",0,0
"PRSS22",5.90930757920816e-311,1.28430931055653e-310
"HCAR3",0,0
"KRT16",5.56341307922397e-299,1.17661425758649e-298
"CCL20",2.99402463085454e-228,5.54567731410959e-228
"CEACAM6",3.96709776749372e-161,6.46240973424119e-161
"EREG",6.9006352657266e-288,1.43142673977302e-287
"MMP7",0,0
"TNNI2",5.4683674633805e-126,8.07190760379545e-126
"KRT6A",0,0
"LY6D",2.01390218733333e-307,4.34420297267664e-307
"SFN",0,0
"EDN1",0,0
"H1FX",7.95134148715478e-310,1.71947759659722e-309
"HSPH1",0,0
"TRA2B",1.40459571487791e-124,2.05928015825321e-124
"SRRT",1.25892665983415e-16,1.40512459452457e-16
"HSPB1",0,0
"HSP90AA1",0,0
"GDF15",0,0
"PTPRK",6.23551546536459e-153,9.96990920062915e-153
"HNRNPUL1",3.49244600419584e-06,3.67514086816229e-06
"HSPA8",1.18159577787134e-135,1.80261084278432e-135
"PMEPA1",4.02615724789616e-27,4.68724901672971e-27
"IER3",6.30090535433267e-168,1.06036636799567e-167
"HSPA1A",0,0
"UBC",2.77719336027396e-228,5.15509067947849e-228
"IFRD1",7.06396404096358e-79,9.53249437665133e-79
"PLEC",2.79760710249596e-46,3.44719393683618e-46
"EPM2AIP1",0.00488773950068549,0.00503920699415131
"ZNF503",1.31620367140034e-14,1.45590303805792e-14
"ADM",6.1728307671823e-14,6.80190906192699e-14
"GADD45A",1.29648891831905e-165,2.14428855515483e-165
"GADD45G",4.02396383116102e-55,5.08135578679457e-55
"H1F0",4.34088418393079e-152,6.88966021853236e-152
"KDM5B",5.83054372119518e-90,7.98009544119277e-90
"DNALI1",1.55501871789422e-36,1.87861898181355e-36
"EFHC1",3.34460728613423e-35,4.02376259041184e-35
"BAMBI",1.51583846948265e-24,1.73668910742052e-24
"THBD",7.6935753819239e-06,8.06659721862324e-06
"BAG3",0,0
"CYB5D2",1.05557417506362e-51,1.32329226294208e-51
"TPPP3",2.91399150433276e-277,5.88925853095289e-277
"NR1D1",4.64999605143621e-60,6.01232673317238e-60
"C12orf75",0.000115659929016475,0.000120682555608264
"ICAM1",4.29368902675354e-13,4.70727630943196e-13
"ZFAND2A",1.15957318600155e-29,1.36281359496106e-29
"MID1IP1",4.16254825736008e-14,4.59260745231693e-14
"CDKN1A",4.20733761981115e-58,5.41569500169143e-58
"ELMSAN1",1.35097950375314e-20,1.52757813169473e-20
"MT-ND5",2.71023695513284e-97,3.78121768740307e-97
"PIM1",2.59523111324701e-147,4.05212078151384e-147
"ODF3B",2.66665165536239e-48,3.29993373660725e-48
"MORN2",6.11695173900183e-55,7.7130659682749e-55
"PSENEN",6.30086763373238e-71,8.39792065204701e-71
"WDR54",5.19851115962242e-44,6.37831511074241e-44
"LRRC23",4.86342773514257e-38,5.90851824564371e-38
"PLAU",0,0
"BBC3",1.81510985504304e-154,2.90753708261524e-154
"GSTA1",9.83207188074089e-35,1.17957589137876e-34
"CETN2",7.94748942549007e-72,1.06253143014666e-71
"INSIG1",3.21817344740397e-22,3.65797638896772e-22
"SCAF4",5.52457367139795e-28,6.45777868345842e-28
"IER5L",2.94038573503476e-102,4.15593735425665e-102
"SMAD7",1.41418349451141e-50,1.76263504719361e-50
"DFFA",5.03915155850019e-38,6.11341668738102e-38
"RACK1",0,0
"AC004086.1",0,0
"SELENOS",0,0
"ATP5F1E",0,0
"NOP53",0,0
"ATP5MG",0,0
"SELENOW",0,0
"POLR2J3.1",0,0
"ATP5ME",0,0
"MICOS10",0,0
"ATP5PF",0,0
"ELOB",0,0
"SEM1",0,0
"ATP5MPL",0,0
"SNHG32",0,0
"TCEAL9",0,0
"SELENOH",0,0
"ATP5IF1",0,0
"ATP5MF",0,0
"ATP5F1D",0,0
"ATP5MD",0,0
"ATP5MC2",0,0
"PLAAT4",0,0
"AC005840.1",7.3860285997913e-313,1.61336230778121e-312
"FAM153CP",4.94627292572815e-280,1.01147188670327e-279
"ATP5F1B",0,0
"AL031777.3",0,0
"ATP5PO",0,0
"ATP5PD",0,0
"ATP5MC3",0,0
"TRIR",0,0
"JPT1",0,0
"CSKMT",3.89679517534653e-305,8.34338570959097e-305
"CCN2",0,0
"AC087289.1",0,0
"C20orf85",0,0
"RSPH1",9.44059596026153e-200,1.67682043236678e-199
"PIFO",1.79376254854746e-138,2.75595844492638e-138
"TENT5A",0,0
"CAVIN2",0,0
"CCN1",0,0
"TCIM",0,0
"SINHCAF",0,0
"SELENOM",0,0
"AOPEP",0,0
"CAVIN1",0,0
"HIST2H2BE",0,0
"HIST1H2BJ",1.01283457397456e-321,2.24305803211926e-321
"TMEM190",0,0
"C9orf116",2.65397435990566e-118,3.84537323503918e-118
"C9orf24",0,0
"C1orf194",2.24770489871438e-261,4.4288490601092e-261
"SAA2",0,0
"C5orf49",2.24192290427767e-164,3.6938348803813e-164
"DNAAF1",5.27956167901657e-150,8.33361469406813e-150
"KIF9",1.43781938871829e-80,1.94634392995512e-80
"HIST3H2A",1.23087353486142e-97,1.7228246078562e-97
"MRPS31",7.90482980548428e-49,9.81015463664835e-49
"FST",4.39164683281697e-05,4.59343955306733e-05
"FBXO32",0.0246072071269749,0.0252793754926761
"PRSS23",8.87080256802498e-31,1.04540112007379e-30
"EGR2",1.49304672492107e-11,1.62860708329978e-11
"FOSB",0.275328265286885,0.278223071814434
"GBP1",0.0584097339769023,0.0597922128875982
"EGR1",0.201936860695696,0.204777707505014
"FOS",1.9243798503017e-07,2.03246467705857e-07
"BTG2",8.34770388778238e-21,9.45126160069602e-21
"KLF4",5.30299799130123e-10,5.71244490968315e-10
"JUNB",0.923256430220418,0.924325014051691
"INTS6",0.693371568102795,0.696592806514423
"CEBPD",0.00081116668465071,0.000841317964296
"NR4A1",1.05481982815987e-18,1.18650084701987e-18
"MT1E",1.56916370605058e-39,1.91712797420021e-39
"IGFBP6",6.761423835258e-12,7.3939717035375e-12
"ZFP36",0.000297911113665427,0.000310100016029596
"MYC",5.31274108523131e-27,6.16848461573837e-27
"ID3",3.77240005574109e-21,4.28231764857749e-21
"NDRG1",0.0880663930792986,0.0898318750160299
"WDR60",0.275020573671218,0.278223071814434
"ASPSCR1",0.00388995836635465,0.00401529115381476
"DST",1.44991626544415e-60,1.8831495039177e-60
"WIF1",0.000603151961768098,0.000626322265221374
"JUN",2.06765911139942e-265,4.10212186091858e-265
"DUSP1",2.71326978949168e-61,3.53460597576853e-61
"ID4",1.24708026113967e-36,1.5087054907494e-36
"ATF3",0,0
"VMP1",1.3199814165503e-24,1.51430228821752e-24
"DNAJB1",0,0
"HSPA1B",0,0
"SLC25A37",4.52552729196213e-53,5.68979812143494e-53
"ZFP36L1",0,0
"IER2",6.61067756068543e-194,1.15753767003905e-193
"HSPA2",0.00364503928309718,0.00377148203334816
"RND3",3.45855256254469e-211,6.23259993041908e-211
"KLF2",3.18450485533184e-51,3.98639175088573e-51
"DUSP6",4.19564343444239e-157,6.7583455694463e-157
"MCM7",1.64642475282252e-09,1.77134006367099e-09
"HNRNPH1",2.44838837480414e-31,2.89324582541747e-31
"OPA3",3.93263430478011e-14,4.34448106466768e-14
"NFKBIZ",1.45158045710583e-11,1.58537512045018e-11
"DAPL1",8.74240958193787e-51,1.09122428403698e-50
"BHLHE40",3.2905356525723e-83,4.47533543942616e-83
"VASP",6.69810144101557e-47,8.26513230596073e-47
"ANKRD37",8.02685553835393e-23,9.14786566623999e-23
"MTRNR2L12",3.0457401834196e-10,3.28499408810219e-10
"MTRNR2L1",2.89417196708175e-29,3.39222053052264e-29
"CYP26A1",1.93414868795187e-83,2.63470648043837e-83
"IGFBP2",0,0
"EFNB2",1.15576553511417e-52,1.45099736991837e-52
"CH25H",2.32274816665462e-36,2.80219967106868e-36
"RDH11",1.67670445971452e-34,2.00324496913406e-34
"CP",1.71109195689051e-29,2.00826939309402e-29
"CD55",6.92355011291278e-38,8.38777429645596e-38
"CXCL6",2.36480901983459e-144,3.67906439236856e-144
"F3",0,0
"PPM1N",3.99404066333215e-61,5.19525590042452e-61
"NEDD9",0,0
"CNKSR3",3.30266985086459e-60,4.27666080987706e-60
"CXCL2",0,0
"EZR",0,0
"PTCD3",0.000586796852521676,0.00061007124691256
"CYP24A1",6.85470218357488e-247,1.31762608639828e-246
"KRT13",3.2778710050605e-232,6.15045210277079e-232
"CXCL1",0,0
"SDC4",0,0
"IRX2",5.16353482766684e-299,1.09472000635584e-298
"DNAJA4",0,0
"MMP13",8.2138617721848e-262,1.62214393446115e-261
"PGM2L1",1.12639220102645e-169,1.90298682399976e-169
"HES1",0,0
"PLK2",1.77970721225102e-112,2.54875287847208e-112
"BAIAP2",0,0
"DUSP5",8.24531373579206e-133,1.23822853844794e-132
"GPRC5A",0,0
"SOX9",2.59700163872222e-254,5.05947391327639e-254
"SOX4",0,0
"RASD1",1.11931313760464e-278,2.27813144477181e-278
"RNF39",6.83913039585644e-166,1.13547942272856e-165
"PLCH2",9.68539457695955e-135,1.46980110685439e-134
"RHOB",0,0
"ADIRF",0,0
"TRIB1",0,0
"LDLR",0,0
"LGALS7",4.24810649271824e-166,7.08017748786374e-166
"SERPINB4",2.92069470374561e-180,5.00277409651476e-180
"USP31",4.55054115618117e-56,5.77158079193067e-56
"HBEGF",0,0
"LAMC2",0,0
"COL7A1",1.41640432344586e-133,2.14194010451166e-133
"AVPI1",0,0
"KLF5",0,0
"KLK10",9.2684154045112e-128,1.37989317123962e-127
"ERRFI1",0,0
"TNFRSF12A",0,0
"ID1",0,0
"TOB1",1.20595210686367e-230,2.24333026330554e-230
"SLPI",0,0
"TACSTD2",0,0
"SCGB1A1",0,0
"KRT8",0,0
"TINAGL1",0,0
"JUND",1.31966654169955e-298,2.78417453309782e-298
"SOX2",0,0
"SYT8",0,0
"S100A14",0,0
"CXCL17",0,0
"KRT7",0,0
"HEXIM1",3.15916781932855e-28,3.69780806998538e-28
"PMAIP1",0,0
"OFD1",1.00889860821031e-23,1.15283658666039e-23
"CYB5A",0,0
"AQP5",0,0
"AQP3",0,0
"HCAR2",0,0
"EFNA1",0,0
"SLC5A3",3.12045427693201e-135,4.75210026328555e-135
"MSMB",2.38881249974051e-57,3.05669055070346e-57
"CYP4B1",0,0
"NCOA7",0,0
"CD24",0,0
"KRT14",0,0
"FXYD3",0,0
"HOPX",3.8599950968084e-111,5.51883596485829e-111
"KRT5",0,0
"KRT15",0,0
"ATP1B1",0,0
"HMGB3",0,0
"KRT17",0,0
"KLF6",2.79237607717534e-295,5.87689855658558e-295
"ALDH3A1",0,0
"LGALS7B",0,0
"CTNNB1",1.67631454296452e-152,2.66546338173586e-152
"SLC34A2",1.67216609314681e-258,3.27987226887072e-258
"SPINK5",5.46235053927418e-139,8.4223408493265e-139
"BCAM",0,0
"KLK11",0,0
"MMP10",0,0
"NFATC1",6.38673430004681e-15,7.07365578686362e-15
"HMGA1",0,0
"TLE3",5.7430120245853e-101,8.09072540922847e-101
"NKX2-1",0,0
"KRT19",0,0
"S100A2",0,0
"KRT18",0,0
"DUSP2",1.54603874140447e-239,2.95214903160015e-239
"HIST1H4C",3.9698464423675e-103,5.62015903870358e-103
"SFTPB",0,0
"TFF3",3.17314847702259e-89,4.33613496465172e-89
"C8orf4",4.9209252199864e-274,9.85324147057462e-274
"KCNQ1OT1",1.75688647154482e-137,2.68974654493145e-137
"CYR61",1.31557057574868e-244,2.52321185814325e-244
"PTPRS",3.59931143033989e-32,4.27665437808243e-32
"CTGF",0,0
"MT1X",7.41424347066602e-127,1.10005499178835e-126
"MTRNR2L8",1.84561050520745e-10,1.9980639386789e-10
"NEAT1",9.44626266921684e-174,1.61164047512279e-173
"XIST",1.86957913966557e-82,2.53875346281117e-82
"MALAT1",0,0
"CTD-3252C9.4",3.72036270682308e-17,4.1577696917338e-17
"GPX1",2.75326908382178e-304,5.86595506774837e-304
"PLA2G16",2.46873240663768e-49,3.0681803616977e-49
"GADD45B",7.02361641850025e-09,7.5190943094093e-09
"HSPA5",0.398311715286739,0.401561344665535
"DNAJB4",2.46524854331525e-06,2.59736904989974e-06
"SERPINH1",0.00682489344894965,0.0070196585414286
"C2orf40",0.822839744002775,0.82474667272584
"PLAT",1.03193198364349e-07,1.09524069429647e-07
"FAM43A",0.00149348511193616,0.00154714325967039
"OMG",0.301926222351829,0.304744670168415
"FAM229B",0.426952041145566,0.42993424399408
"TPM1",5.93819776560169e-67,7.83009309031321e-67
"EFEMP1",0,0
"FMO2",4.21556396710922e-278,8.53972560081843e-278
"SULF1",3.94471707413169e-103,5.59373814610478e-103
"LMCD1",1.08957218225021e-57,1.39833818641903e-57
"TNFAIP2",2.09408806998326e-10,2.26140596820914e-10
"CAV1",2.30856199494882e-146,3.59802905519051e-146
"SERPINF1",0,0
"SOD3",2.7913865854298e-163,4.57301022044844e-163
"IL32",9.53202717578364e-54,1.20017518297712e-53
"TSPAN8",1.36789560830801e-269,2.73263210435665e-269
"MMP14",3.20034293141105e-92,4.39412164392152e-92
"SNUPN",9.4197437158027e-09,1.00717902523725e-08
"CXCL14",1.78181517101444e-291,3.70497625703723e-291
"DKK3",9.63648016822524e-317,2.12100642648574e-316
"PENK",2.29396639832142e-195,4.03309133038217e-195
"COL16A1",3.81803558702751e-57,4.87828771459202e-57
"IRF1",3.43509746247349e-26,3.96181240671943e-26
"SPRY1",3.48977605628845e-66,4.58762353904181e-66
"THBS1",2.34698042106323e-39,2.86338231906867e-39
"ARID5B",3.24798372182737e-126,4.80257422116355e-126
"PGF",2.93586834696681e-38,3.57176669497369e-38
"MAFB",1.57816687650391e-08,1.68117530563532e-08
"PTN",4.1925646310354e-31,4.94756944862977e-31
"TNC",4.72213419672718e-23,5.3887151453417e-23
"AKR1C1",5.34940120200422e-11,5.81310557755484e-11
"LTBP4",5.60417954291365e-57,7.14987508056093e-57
"TMEM45A",5.81521555411773e-09,6.23316165342234e-09
"CITED2",6.20618954322196e-05,6.48351926918719e-05
"IGFBP3",4.87739494873825e-35,5.85964809813693e-35
"SOCS3",1.82438929815434e-16,2.03362982332926e-16
"LBH",0.123527946364363,0.125560133496092
"AKAP12",0,0
"MT1M",0,0
"COL6A3",0,0
"LAMA4",0,0
"IL6",2.94047319273843e-316,6.45560737911412e-316
"ISLR",0,0
"MT1A",0,0
"C10orf10",0,0
"FGF7",0,0
"MOXD1",0,0
"EMILIN1",0,0
"CCL11",0,0
"PLTP",0,0
"C1R",0,0
"MMP2",0,0
"SPON2",0,0
"USP18",3.62514731815494e-151,5.74313631905499e-151
"C1QTNF3",3.97508029800338e-304,8.44826648101456e-304
"MAP1B",0,0
"PDLIM3",0,0
"COL5A1",0,0
"COL6A2",0,0
"PLPP1",0,0
"COL6A1",0,0
"IGFBP4",0,0
"FBLN1",0,0
"CCL2",0,0
"GPX3",0,0
"PLAGL1",2.61897446211876e-118,3.80102837203478e-118
"ACTA2",0,0
"POSTN",0,0
"PPP1R14A",0,0
"MMP23B",0,0
"CTSK",0,0
"TIMP2",0,0
"FILIP1L",0,0
"LRRC17",0,0
"CCDC80",0,0
"CALD1",0,0
"SAMHD1",0,0
"ABL2",1.67331262910688e-231,3.12616722284546e-231
"SERPING1",0,0
"C1S",0,0
"CES1",0,0
"KDELR3",0,0
"LRP1",0,0
"VCAN",0,0
"CRISPLD2",0,0
"CFH",0,0
"CRABP2",0,0
"C11orf96",0,0
"AEBP1",0,0
"FBN1",0,0
"AOC3",1.41829073487979e-293,2.97051207184265e-293
"PRELP",0,0
"TNXB",0,0
"INHBA",0,0
"CDH11",0,0
"SLIT3",0,0
"MFAP5",0,0
"HTRA3",0,0
"PAPPA",1.82453160385967e-306,3.92591999337965e-306
"ECM1",0,0
"COL4A1",0,0
"MXRA8",0,0
"FBLN5",0,0
"FSTL1",0,0
"MYH10",1.72246234071329e-248,3.3331765653624e-248
"MFAP2",3.13662154250684e-293,6.55356916489957e-293
"MYLK",0,0
"OLFML3",0,0
"TCEAL7",6.65772528275224e-276,1.3392865975769e-275
"THBS2",0,0
"COL14A1",0,0
"COL5A2",0,0
"SFRP4",0,0
"MYL9",0,0
"TXNIP",1.4484778726499e-152,2.30742791867802e-152
"PIK3R1",2.92039701552546e-202,5.20854313078253e-202
"SOD2",0,0
"TPM2",0,0
"CYP1B1",6.16144322753584e-215,1.12203124038284e-214
"COL1A1",0,0
"RARRES1",0,0
"TNFSF13B",0,0
"SDC2",0,0
"PMP22",0,0
"RGCC",0,0
"TGFBI",8.41525417852345e-153,1.34302488273483e-152
"TAGLN",0,0
"PTGER4",3.11600908164044e-115,4.48477180635437e-115
"SFRP2",0,0
"PLAC9",0,0
"COL1A2",0,0
"CTHRC1",0,0
"MMP19",0,0
"CA3",7.39399704234723e-255,1.44374885815584e-254
"SPARCL1",0,0
"GNG11",0,0
"CCDC102B",3.58084056949489e-317,7.90159977898939e-317
"SMPDL3A",1.54754278517323e-165,2.55462692590619e-165
"IGFBP5",0,0
"FHL1",0,0
"CD302",1.56800783287325e-190,2.73452978918419e-190
"PCOLCE",0,0
"FXYD1",0,0
"NBL1",0,0
"NNMT",0,0
"PRKCDBP",0,0
"SFTA1P",4.65656837227862e-198,8.22026865718573e-198
"CCL13",0,0
"COL3A1",0,0
"ADH1B",0,0
"A2M",0,0
"CRYAB",1.56656310560756e-34,1.87424216645994e-34
"G0S2",1.02044917974599e-135,1.55952038954113e-135
"PHLDA1",1.32115298125381e-98,1.85218367712244e-98
"IGFBP7",0,0
"EMP1",2.11149696916096e-267,4.19872385821662e-267
"CEBPB",3.09655176373113e-106,4.41271379839773e-106
"GSN",0,0
"TIMP3",0,0
"ADAMTS1",3.94913640481938e-164,6.48197910847963e-164
"OSR2",1.10599678172638e-189,1.92492397624411e-189
"SERPINE1",3.83347018178087e-262,7.5879901767516e-262
"C3",0,0
"FSTL3",2.40127917845958e-69,3.19063976861373e-69
"PDK4",0,0
"FMO3",4.43025782791918e-162,7.24418340482059e-162
"CAMK2N1",1.18424282766034e-149,1.86588350806228e-149
"SPTBN1",1.24755708760442e-249,2.41958941878436e-249
"GEM",0,0
"ANGPTL4",1.32483762285815e-63,1.72848347476968e-63
"QSOX1",0,0
"ZNF106",2.39906130995268e-231,4.47238800239023e-231
"MFGE8",1.3927433882454e-234,2.6246689124886e-234
"EGFL6",1.92982190204573e-97,2.69676243177635e-97
"SERPINE2",1.24932265305825e-280,2.56081539074736e-280
"APCDD1",5.42101927784628e-182,9.35964406254897e-182
"TFPI",0,0
"GPM6B",1.47128698535583e-42,1.80263915344589e-42
"GPC3",0,0
"LIMCH1",0,0
"TGM2",0,0
"LHFP",0,0
"F2R",1.56632825696215e-259,3.07925895970969e-259
"PLEKHH2",7.48907080910704e-193,1.30869621209648e-192
"PLPP3",0,0
"LTBP2",0,0
"ELN",0,0
"CPE",0,0
"LOXL1",0,0
"LTBP1",0,0
"COL8A1",0,0
"FBLN2",0,0
"ITIH5",0,0
"MAMDC2",0,0
"TMEM204",0,0
"COMP",0,0
"SRPX",0,0
"BMP5",0,0
"ABCA8",0,0
"SCARA5",0,0
"FIBIN",0,0
"LEPR",0,0
"ABI3BP",0,0
"OMD",0,0
"SCN7A",0,0
"ASPN",0,0
"ABCA6",0,0
"FAM46A",1.58478724376632e-212,2.87991799549973e-212
"RBM5",0.0001710197957849,0.000178231473920408
"MEG3",0,0
"SEPP1",0,0
"SELM",0,0
"PLA2G2A",0,0
"TMEM100",0,0
"OGN",0,0
"TNFAIP6",0,0
"WNT2",1.05223171001747e-310,2.28115395780731e-310
"GUCY1A3",0,0
"DIO2",0,0
"INMT",0,0
"HSD11B1",0,0
"IGF1",0,0
"MFAP4",0,0
"C7",0,0
"CXCL12",0,0
"PTGDS",0,0
"ITGBL1",0,0
"BGN",0,0
"THY1",0,0
"ANGPTL1",0,0
"TCF21",0,0
"WISP2",0,0
"TDO2",2.47907248402828e-292,5.16722337032401e-292
"DPT",0,0
"PRG4",0,0
"HDC",5.52775623930975e-212,1.00241281907818e-211
"MS4A2",0,0
"HPGDS",0,0
"GPR65",0,0
"SLC18A2",1.11084842481175e-274,2.22942897323008e-274
"CTSG",0,0
"IL1RL1",0,0
"RGS13",0,0
"CPA3",0,0
"GATA2",4.43282410598587e-247,8.539850449171e-247
"RP11-354E11.2",9.37488027878104e-254,1.82230818902148e-253
"EVI2A",3.3485667716089e-171,5.66831752924012e-171
"TPSB2",0,0
"TPSAB1",0,0
"RENBP",8.66472982179405e-135,1.31722166886676e-134
"CST7",2.14739982269253e-129,3.20811890609505e-129
"LAT2",3.8719327868613e-133,5.83488129030492e-133
"FCER1A",0,0
"C1orf186",0,0
"CD52",0,0
"ALOX5AP",0,0
"CD69",0,0
"RHOH",0,0
"ALOX5",3.67637304233236e-133,5.5498476118979e-133
"PTGS1",2.68685873310499e-121,3.93254281579664e-121
"PTPRC",1.91715691384487e-155,3.07669894336885e-155
"BCL2A1",2.88331992575592e-258,5.64269623479383e-258
"SAMSN1",0,0
"SMIM3",0,0
"TMEM176B",0,0
"LGALS1",0,0
"TIMP1",0,0
"GLRX",7.09268388958163e-277,1.4301099217921e-276
"LXN",0,0
"MGP",0,0
"DLC1",2.04912941692872e-26,2.36964832305259e-26
"IFI6",2.18351168227095e-304,4.66354964238116e-304
"HILPDA",2.59189033484126e-91,3.55306678231012e-91
"FGL2",5.43184954062984e-208,9.74802873992699e-208
"PROS1",2.68981095125862e-164,4.42335831338157e-164
"FN1",0,0
"RARRES2",0,0
"CFD",0,0
"CTSC",5.73838313779877e-117,8.30050403711695e-117
"APOD",0,0
"TMEM176A",0,0
"CST3",0,0
"GLA",2.00981824942662e-58,2.59089833942478e-58
"CREB3L2",2.68034402022587e-55,3.39457917642076e-55
"GPNMB",0,0
"ST3GAL4",0,0
"FKBP5",0,0
"GYPC",0,0
"CLU",9.11131411503512e-138,1.3973912605506e-137
"DCN",0,0
"SPARC",0,0
"LUM",0,0
"MT2A",0,0
"COX7A1",0,0
"ARHGAP15",2.69406778688658e-181,4.64216859692607e-181
"ZEB2",0,0
"CNRIP1",0,0
"MAOB",0,0
"NR3C1",1.52958834322608e-118,2.22368725527825e-118
"CLEC2B",3.96069019784011e-97,5.51690341567101e-97
"TUBA1A",0,0
"LGMN",5.87723071780904e-93,8.12109356374572e-93
"S100A4",0,0
"APOE",0,0
"CTSL",0,0
"VIM",0,0
"GSTM3",2.47375456182105e-232,4.65173412168524e-232
"EMP3",0,0
"RSRC1",6.89198473932194e-25,7.92761542488494e-25
"SDCBP",0,0
"IFI27",3.78481149889804e-06,3.97796105291228e-06
"FTH1",0,0
"FTL",0,0
"TUBA1B",3.45845952088873e-323,7.90505033345994e-323
"B2M",0,0
"TSC22D3",0,0
"BST2",4.87686376287521e-181,8.38665438347327e-181
"LAPTM4A",0,0
"TMSB4X",0,0
"ISG15",8.61132937774988e-57,1.09702502382233e-56
"ITM2A",1.18913888925207e-283,2.44905985524533e-283
"SLC2A3",0,0
"AKAP13",2.48256776685722e-315,5.43650915945735e-315
"BTN3A2",7.30766676246041e-51,9.13458345307552e-51
"UBXN11",1.67305595364351e-26,1.93734056211732e-26
"DUSP4",1.39015062270668e-65,1.82193983127467e-65
"NPC2",2.82253870205886e-64,3.68806038864187e-64
"SERPINA1",4.68239574542878e-207,8.38565697680309e-207
"SCGB3A2",0,0
"ZC3H12A",3.2886090605649e-194,5.77007472086944e-194
"HPS4",2.53754087679979e-09,2.72329138763253e-09
"ADRB2",4.39451967984106e-149,6.89883760991382e-149
"CD74",3.96317359900356e-69,5.25789135450626e-69
"VPS37B",5.39790430235946e-60,6.96893615155363e-60
"CSTB",8.61045891446075e-93,1.18788627767281e-92
"TXN",1.30332676790725e-34,1.56146489506894e-34
"RNASE1",4.90617051548655e-148,7.67420885333792e-148
"C15orf48",2.54469700816769e-44,3.12665186372877e-44
"PLAUR",3.95670750021608e-18,4.43335749700377e-18
"HIPK1",0.100440980013682,0.102213467896276
"ANXA1",8.01285631072474e-132,1.19915583196832e-131
"EHD1",4.67351607866197e-13,5.11720431397798e-13
"S100A9",1.18535967848389e-71,1.58230883007494e-71
"LMNA",1.24131572476447e-07,1.31424492279225e-07
"GPBP1",1.51454034661973e-08,1.61538520323806e-08
"CD37",0,0
"CCL4",0,0
"CCL4L2",3.2050969491017e-132,4.8048680432807e-132
"CXCR4",0,0
"LAPTM5",0,0
"FCER1G",0,0
"KIT",0,0
"BTK",4.16388779866411e-133,6.26393555799036e-133
"CD53",4.7694118407041e-158,7.72573266331282e-158
"LCP1",5.69391159714304e-173,9.6953415974975e-173
"C1orf162",0,0
"GPR183",1.07468511917991e-199,1.90492341821849e-199
"GMFG",7.9639774964502e-287,1.64804797474388e-286
"IGHM",5.03001237956468e-166,8.36723213139124e-166
"IGLC3",2.8922428691254e-166,4.82971058261287e-166
"DNAJB9",1.42319924064168e-99,2.00173551732528e-99
"PTGS2",1.2536860335343e-57,1.60657543556618e-57
"GABPB1",1.3567565723985e-171,2.30116555906805e-171
"MTHFD2",6.69466819128468e-119,9.74896967249368e-119
"UBA7",2.05103713693991e-15,2.27746742420157e-15
"RGS2",0,0
"RALB",2.2616039132621e-67,2.98669829766674e-67
"RHOG",9.25585970998278e-94,1.28101098386162e-93
"LEPROTL1",1.18918318860142e-92,1.63796729003222e-92
"RASGEF1B",1.94102839340119e-49,2.41581231696694e-49
"RNF130",6.76912092715951e-238,1.28405473727916e-237
"ACP5",2.67893436430913e-92,3.6840671305682e-92
"ID2",1.04139682487993e-127,1.54778050433186e-127
"HLA-B",1.74233028980344e-143,2.70577325077196e-143
"ARID4A",8.0617642112013e-28,9.41083136665199e-28
"HLA-DPA1",1.82449717264246e-128,2.72101733506159e-128
"TWISTNB",1.06267104463257e-24,1.22073101408655e-24
"HLA-DPB1",5.06946920974415e-167,8.49823811323389e-167
"ELL2",1.34201154589895e-78,1.80816197383581e-78
"DDIT4",2.32811598822259e-76,3.12705020157227e-76
"NSMCE1",1.47030321834992e-79,1.98720669355107e-79
"CTSZ",3.88244520228022e-47,4.79759299996056e-47
"DBI",1.06824587812247e-124,1.5688161028454e-124
"SLC4A2",1.23984002427243e-07,1.31424492279225e-07
"VWA5A",3.6066792146411e-322,8.00386346262819e-322
"ARHGAP18",2.62111216910815e-185,4.5345240525571e-185
"CSF1",3.24496986875674e-139,5.01231952941889e-139
"SRGN",0,0
"PLIN2",0,0
"PLGRKT",1.02573521874624e-101,1.44740777196655e-101
"LACTB",2.96763689021087e-82,4.0235202351605e-82
"CD68",3.43671219097727e-222,6.31158396007503e-222
"PAG1",9.19345789369563e-166,1.52343698813156e-165
"SH3BGRL3",4.2170573911155e-56,5.35646790501455e-56
"C4orf48",1.67670484457773e-18,1.88357102670095e-18
"COTL1",1.01291671343724e-75,1.35840768546235e-75
"CPEB4",1.95348810159551e-31,2.31474959983577e-31
"RGS1",0,0
"SPP1",0,0
"LYZ",1.03610377287856e-234,1.95683354484707e-234
"HLA-DQA1",8.19592677719649e-121,1.19754673349239e-120
"TDRD3",6.37342262737451e-99,8.94969248811519e-99
"CREM",0,0
"AP1S2",9.65104301298452e-173,1.64010848845415e-172
"LEO1",4.45695992797595e-142,6.90908662670107e-142
"ACOT7",2.88953195554455e-104,4.10417921436131e-104
"SNX10",1.03760130058766e-120,1.51353309444911e-120
"APOC1",0,0
"ZNF331",1.61825928643679e-196,2.85090485288762e-196
"JCHAIN",1.59159296264053e-150,2.51687004146995e-150
"RGS10",6.33334716291408e-212,1.14609734224282e-211
"PHF20",4.31821884418805e-95,5.98599246830554e-95
"CCNH",2.45931119668828e-96,3.4146134592863e-96
"CTSS",1.15207042629769e-33,1.3726458935916e-33
"IDI1",1.64897374804898e-33,1.96198389554658e-33
"ACER3",4.5717645698446e-32,5.42465892032316e-32
"DTNBP1",7.42460225223833e-27,8.60895569461951e-27
"CCL18",0,0
"SMYD3",5.77986810790391e-114,8.29118725263164e-114
"ARHGDIB",0,0
"CKLF",0,0
"TPST2",6.30265723356891e-30,7.41741293474436e-30
"STK4",6.61397017961722e-71,8.80166800825984e-71
"ALAS1",1.57333900556186e-65,2.05890807838277e-65
"TYROBP",0,0
"MIIP",9.05660137951078e-109,1.29273270516119e-108
"GALC",1.60343864164706e-96,2.22986241965387e-96
"C1QB",0,0
"C1QA",3.12845815557048e-278,6.35238569147528e-278
"FBP1",1.02256172967027e-148,1.60238386986374e-148
"SYTL3",8.69158264231637e-205,1.5533510300834e-204
"HCST",6.69194359396337e-169,1.12836865668193e-168
"STX11",4.52994747956374e-77,6.0939417882156e-77
"HPGD",0,0
"AIF1",4.48041710742263e-125,6.59108979238193e-125
"TSC22D1",0.630519465676869,0.634185276523828
"ABCD3",0.0525101836059766,0.0538167166103907
"CDC42SE1",0.00495454861741811,0.00510200542150793
"HLA-DRB5",1.74191090887801e-11,1.89767372314795e-11
"FABP5",4.5141371325999e-21,5.11759976369451e-21
"C1orf56",0.265067157161448,0.26848137112957
"HP",6.09502891980934e-34,7.27200002156562e-34
"SFTPC",1.42412055855486e-17,1.59361485530395e-17
"SFTPA2",5.2357588593514e-20,5.91244309835373e-20
"SFTPA1",9.50170816127229e-19,1.07017936972663e-18
"SEC11C",1.78709762479567e-08,1.90140153191667e-08
"HLA-DRB1",4.07822719744283e-06,4.28114869634471e-06
"GCHFR",0.00378075828564224,0.0039072352653292
"HLA-DQB1",1.97596923274373e-10,2.13651673290416e-10
"AREG",0,0
"FBXO34",0.0369080989615849,0.0378712996462289
"HLA-DMA",0.188677102987313,0.191555978971861
"PTTG1",3.03323458190184e-08,3.22327753482198e-08
"TNFRSF18",0.0926722152433052,0.0944186880865241
"SDPR",1.12034676495496e-157,1.80802229792171e-157
"AAED1",7.91911828263284e-127,1.17295159494476e-126
"BRE",9.73798311106059e-85,1.32860495127246e-84
"TRAPPC2P1",3.88988322194109e-68,5.15275495708888e-68
"IGHA1",1.79196021556569e-211,3.23600331203408e-211
"NR4A2",6.47807871551181e-36,7.80437059737844e-36
"GLUL",3.24833409455713e-227,6.00386536707674e-227
"SELK",0,0
"IGKC",0,0
"IGLC2",3.86292091986927e-199,6.83318322226363e-199
"NFKBIA",1.12080164034247e-08,1.19690545542745e-08
"TNFAIP3",2.52340512275092e-40,3.08733441468111e-40
"DUSP10",9.84229640856847e-11,1.06686546283355e-10
"STX3",1.02653605568533e-13,1.12684478193885e-13
"TNFAIP8",0.0802196801195141,0.0820213041411108
"UCP2",3.80866913694811e-05,3.98849734075075e-05
"BATF",3.79797129613186e-219,6.93089698555709e-219
"PRKX",4.49322377602359e-27,5.2239765675543e-27
"RASSF5",1.34764714505734e-38,1.64185180348535e-38
"RAC2",7.78557402445724e-222,1.42680540914312e-221
"PIM2",1.06954935771339e-48,1.32544440461616e-48
"CPM",0,0
"LTC4S",8.66695432399773e-232,1.62270898057533e-231
"STXBP6",1.44343609436653e-159,2.34694026621626e-159
"REL",7.94424107528976e-68,1.05072913304673e-67
"CAPG",3.94324534103539e-239,7.51301149778769e-239
"SLC26A2",2.78626823385057e-114,4.00352495395473e-114
"SOCS1",0,0
"CTNNBL1",2.37639763005168e-66,3.12874269405586e-66
"NDEL1",2.54146053387306e-26,2.93506456849158e-26
"FXYD5",2.72177773959447e-149,4.28061408136222e-149
"ANKRD28",1.67780409566929e-125,2.47240296891642e-125
"SYAP1",2.78448466563335e-166,4.6587606107792e-166
"FDX1",9.85675778840374e-116,1.42101591449487e-115
"ELF1",7.17780690513128e-105,1.02118469949647e-104
"ALG13",1.33546340023068e-27,1.55684075633361e-27
"ACSL4",1.93686947480629e-44,2.3832035500817e-44
"MSRA",2.11617388495183e-22,2.40854001379386e-22
"METTL21A",9.38299320612397e-24,1.07358321736736e-23
"GNA15",9.30994542800033e-14,1.02326592061249e-13
"MLPH",0.0875767415602054,0.0894378765638462
"SLC16A3",2.73633570308535e-19,3.08595877857735e-19
"TSEN54",2.27105191006278e-31,2.68735964733831e-31
"SMIM1",2.09590022141828e-16,2.33327373426874e-16
"CTSD",2.04198844269731e-09,2.19418633904742e-09
"CTSB",0.98418156581669,0.98418156581669
"RANBP2",0.722825594788035,0.725341229108644
"STMN1",9.09854232344455e-14,1.00130268572259e-13
"ABRACL",3.51250618794289e-07,3.70526567386658e-07
"CDC42EP3",2.04971890032844e-11,2.23019729406805e-11
"CD83",7.15228594866036e-66,9.38805363519152e-66
"BIRC3",0,0
"NFKB1",1.2981792221254e-07,1.37276898183187e-07
"SGK1",1.71716811145739e-25,1.97783011506078e-25
"H2AFZ",2.97432901379057e-16,3.30693392921445e-16
"HLA-DRA",5.5686451738183e-72,7.45646760890531e-72
"PRPS2",6.602257165114e-11,7.16556141508608e-11
"GNPTAB",2.65944728686348e-18,2.98368599628653e-18
"NR4A3",2.61591321586046e-15,2.90098068169141e-15
